post_id,target,implied_statement
1006,White people,White people have unearned privileges
1173,Whites,Whites have self-hating behavior
4917,Black folks,"Black folks exploit welfare, sell their culture, and impregnate white women."
19708,Muslims,Muslims are animals
713,Non-white people,Non-white people are a threat to white children
20730,Immigrants,Immigrants should be violently attacked.
19105,white people,white people are biased
17147,Non-white folks,Non-white folks are less capable of self-love
10919,Whites,Whites are outlaws if they stand for their own interests
20378,Enemy nation or group,Enemy nation or group are arrogant
2811,Immigrants,Immigrants take priority over US-born individuals
19941,Immigrants,Immigrants are desperate and exploit resources
12405,Chinese folks,Chinese folks are obnoxious
11117,White people,White people are replaceable
18934,Jews,Jews are greedy
5263,Liberals,Liberals are cucks
13308,Alt-right,Alt-right are violent
2057,Non-white people,Non-white people threaten the existence of white people
5144,White folks,White folks are being replaced.
7193,Black folks,Black folks act subserviently
15884,Non-white Americans,Non-white Americans are not true Americans
19772,Communists,Communists are liars and goons
3876,the postwar right,the postwar right are weak willed and morally cowardly
13720,Non-white folks,Non-white folks commit murders
19484,Jews,Jews are unclean
1866,Muslims,Muslims commit violence
20517,Immigrants,Immigrants are a burden on the economy
5711,Immigrants from the 3rd world,Immigrants from the 3rd world are stupid and create bad environments for their children
5923,Black folks,Black folks are guilty of hate crimes
7400,Non-white people,Non-white people are a threat to white people's existence
18564,Muslims,Muslims commit violent acts
1150,Black folks,Black folks commit violent crimes
17214,White students,Black students are violent
9303,White people,White people are white supremacists
13424,Muslims,Muslims are responsible for violence
19757,BLM protestors,BLM protestors are immature complainers
5683,White liberals,White liberals are the worst
20259,Immigrants,Immigrants take advantage of the system
12763,Non-white folks,Non-white folks are not part of the country's foundation
19572,LGBTQ+ folks,LGBTQ+ folks are degenerate
16377,White folks,White folks are necessary for political power.
19185,Immigrants,Immigrants bring bad habits
18467,Non-white people,Non-white people are incapable of maintaining Western freedom
19711,Muslims,Muslims stone people
16829,Immigrants,Immigrants are invading
19794,Conspiracy theorists,Conspiracy theorists are gullible
544,Non-white and/or Non-Christian people,Non-white and/or Non-Christian people are unfairly advantaged
12187,Non-white people,Non-white people are causing the decline of the white race
6469,Muslims,Muslims are intolerant
15279,white people,white people are regressive
2735,Non-white folks,Non-white folks are inferior
5797,Non-white immigrants,Non-white immigrants cause the extermination of the white race
12152,Minority ethnic groups,Minority ethnic groups are not welcome
20478,Immigrants,Immigrants should leave the country.
20088,Immigrants,Immigrants are criminals
4159,Non-white folks,Non-white folks cause violence and unfriendliness
5381,White males,White males are not serial killers
13646,Muslims,Muslims convert or kill
7789,Muslims,Muslims are untrustworthy
18844,Jews,Jews control global affairs
9742,Jews,Jews are dishonest
10803,Non-white people,Non-white people are a threat
5630,White people,White people promote white supremacy
18359,Non-white people,Non-white people are a threat to white people
10771,Northerners,Northerners are corrupt
12182,Northerners and Pacific Northwesterners,Northerners and Pacific Northwesterners are less receptive to nationalism
4644,Liberals,Liberals are controlling
15645,LGBTQ+ folks,LGBTQ+ folks are undeserving of equal service
7129,White people,White people feel guilty
11011,White people,White people are privileged
7590,Muslims,Muslims are hateful
14681,Non-white people,Non-white people are not contributors to building or founding principles
17935,Non-white races,Non-white races engage in identity politics and assert their political ambitions.
19713,LGBTQ+ folks,LGBTQ+ folks are not intelligent
16522,Non-white people,Non-white people are a threat to the white population
3647,Non-Aryans,Non-Aryans are not welcome
20635,Immigrants,Immigrants are a financial burden
18160,Black folks,Black folks are crazy
20218,Muslims,Muslims are unwanted
4888,White people,White people are ignorant
12126,"Non-white, Non-Christian Americans","Non-white, Non-Christian Americans are not part of the GOP's core identity"
19925,Immigrants,Immigrants are unwanted
1984,Immigrants,Immigrants threaten national sovereignty
14729,Non-white folks,Non-white folks are inferior
1909,Jews,Jews control the media
2752,Non-white people,Non-white people cannot assimilate into white Christian culture
7230,Fascists,Fascists are ignorant
12469,Non-white folks,Non-white folks are a threat
11704,Arabs,Arabs commit crimes
10888,White males,White males who vote for Clinton are gay
3269,Non-white folks,Non-white folks are inferior
11675,Muslims,Muslims are offended by non-Muslims
20336,Immigrants,Immigrants are illegal
7575,White people,Muslims kill white people
11936,Non-white people,Non-white people are a threat to the white population
19352,Religious people,Religious people are fools
10681,Black folks,Black folks are a burden to talk about
2862,Christians and Jews,Christians and Jews should be killed
5679,Muslims,Muslims commit violence
3503,White folks,White folks engage in sodomy
16645,White people,White people are racist
19200,Non-human beings,Non-human beings are inferior
13402,Non-white immigrants,Non-white immigrants are a weapon to destroy the white race.
10369,White people,Non-white people are invaders
353,Non-white people,Non-white people are a threat
19171,Muslims,Muslims are uncivilized
19252,Muslims,Muslims are inherently malicious and resistant to change
20438,Immigrants,Immigrants should be killed
20741,Muslims,Muslims are the enemy
9368,Liberals,Liberals are divisive
4651,Non-white people,Non-white people are being marginalized
4716,Women,Women are irresponsible
4708,Non-white folks,Non-white folks are less desirable
15488,Third worlders,Third worlders have low IQ
11787,White men,White men are not allowed to complain about their problems
2581,Africans,Africans commit violence
10037,Immigrants,Immigrants are changing the culture and making whites unwelcome
18405,White folks,White folks are disliked
19935,Muslims,Muslims are biased
6605,Muslims,Muslims are dangerous
12234,Leftists,Leftists are disloyal
20820,Muslims,Muslims commit pedophilia
3842,Blacks,Blacks are dangerous
20491,Chicagoans,Chicagoans are violent
9725,white race,white race are endangered
177,Non-white folks,Non-white folks are inferior
10950,White people,White people are not native to America
19609,Immigrants,Immigrants are invading and taking over
18254,Muslims,Muslims kill white people
20745,Un-American individuals,Un-American individuals are dangerous
19862,Gulf countries,Gulf countries are misogynistic
20103,Immigrants,Immigrants cause financial strain
20065,Mentally ill people,Mentally ill people are easily disturbed
8954,Black folks,Black folks are thugs who rob stores and fight cops
12631,White people,White people are boring and think they are superior despite lacking heritage
3330,White people,White people are ignored when they speak out
20739,Immigrants,Immigrants are illegal
12081,White folks,White folks are under attack
11958,Catholics & Jews,Catholics & Jews are inferior
16036,Syrian refugees,Syrian refugees commit sexual assault
19525,Homeless people,Homeless people are unintelligent and incapable of integrating into society
16109,White nationalists,White nationalists are toxic
6873,Jews,Jews manipulate their identity for their own benefit
14563,Non-white males,Non-white males should be ashamed
19917,Minorities,Minorities are accused of racism for anything.
20182,Immigrants,Immigrants commit crimes
4220,Non-white folks,Non-white folks kill within their own groups
20779,White folks,White folks are intolerant of diversity.
20407,Immigrants,Immigrants are a financial burden
5322,Immigrants,Immigrants cause the end of the West
6651,White people,White people are unfairly criticized for maintaining their lands and culture
20788,People of any race or gender,Some people are evil and need to be eliminated.
14006,Jews,Jews are conspirators
17831,White people,White people are not allowed to be proud of their race and culture
17794,Blacks,Blacks commit more crimes
9250,Native Americans,Native Americans are not the original inhabitants of America
19156,Immigrants,Immigrants are dirty
4097,White supremacists,White supremacists are associated with hate groups
9429,Non-white Americans,Non-white Americans are a threat
2643,Non-white folks,Non-white folks do not grow up
7963,White folks,White folks have guilt
2692,Indians,Indians are untrustworthy
11088,Jews,Jews demand attacking white racial interests and supporting Israel.
12227,Jews,Jews are white
3260,Immigrants,Immigrants cause accidents
10268,Jews,Jews manipulate and steal money
20147,Immigrants,Immigrants are illegal
8723,Jews,Jews are targeted for hate
5551,BLM supporters,BLM supporters are against you
19834,Jews,Jews are supposed to be clever
1661,White people,White people are losing dominance
20638,Vandals,Vandals should be hunted
11235,White people,White people are loathed by Jeb
20873,Jews,Jews should be killed
6270,Immigrants,Immigrants cause droughts
11927,Non-white people,Non-white people are inferior
8658,White folks,White folks are diminished
4831,Muslims,Muslims are filled with hate
14395,Non-white folks,Non-white folks are not good
11095,Jews,Jews are easily identified by mere assertion
4358,White males,White males are undeserving of hero status
19123,Immigrants,Immigrants are a burden
18126,Black folks,Black folks hate white people
7117,Black Lives Matter (BLM) supporters and Antifa,BLM and Antifa are terrorists
18227,Muslims,Muslims are racist
9281,White folks,White folks are the problem and need to be chased down
4034,Non-white immigrants,Non-white immigrants are a threat to white identity
20128,Immigrants,Immigrants cause problems
3779,White folks,White folks are nauseating
18275,Jews,Jews are manipulative
19953,LGBTQ+ individuals,LGBTQ+ individuals are not entitled to marriage rights
18300,Non-white immigrants,Non-white immigrants cause white genocide
20580,Immigrants,Immigrants are unwanted and uncivilized
2701,Jews,Jews are responsible for the problems in the world
19533,Immigrants,Immigrants are unwanted
19812,Immigrants,Immigrants have many children quickly
10017,Southern Poverty Law Center,Southern Poverty Law Center are dangerous
5539,Non-white folks,Non-white folks oppress whites
16318,Black people,Black people are not associated with trailer parks
17273,White race-traitors,White race-traitors are disloyal
20008,Jews,Jews are dirty
9468,Black folks,Black folks are racists
18667,Black folks,Black folks are violent
998,Black folks,Black folks are harmless
12309,Somalis,Somalis commit crimes
5918,Muslims,Muslims condone violent actions
6136,Muslims,Muslims are violent
3429,Muslims,Muslims commit violence
19641,Muslims,Islam creates monsters
16225,Muslims,Muslims are a problem
3209,Antifa groups,Antifa groups cause incidents
6654,Central Asian Turkic peoples,Central Asian Turkic peoples are not white
965,Black folks,Black folks are less important
17915,Blacks and Browns,Blacks and Browns are violent and hateful
7904,Blacks,Blacks should not date whites
4744,Liberals,Liberals are degenerate
8595,Non-white folks,Non-white folks have hatred for white people
3156,Non-white immigrants,Non-white immigrants commit violent crimes
13137,Jews,Jews are inferior
19861,Immigrants,Immigrants are associated with drug trafficking
17776,Mexicans,Mexicans are illegal immigrants
2590,Non-white women,Non-white women abort
12264,Muslims,Muslims are misogynistic
6178,Non-white people,Non-white people are not part of the nation
15269,Jews,Jews are deceptive
169,Black folks,Black folks do not belong in Estonia
13805,Whites,Whites are losing their supremacy
12315,White people,White people are a threat
8805,Jews,Jews dominate
7520,White people,White people have not contributed to advancing the human race
7341,Jews,Jews are white
14228,Jews,Germans will rise again
9367,White people,White people are hated
19921,Non-Indian immigrants,"Non-Indian immigrants are not family focused, hard-working, or ambitious"
8191,Non-white folks,Non-white folks promote multiculturalism
12905,Democrats,Democrats hate white people
11698,Mexican immigrants,Mexican immigrants are a threat
3214,Muslims,Muslims are violent
20839,Furries,Furries are animals
4646,Jews,Jews are biased against whites
5837,Antifa,Antifa are violent extremists
8145,White men,White men are not wanted as representatives.
3073,Black folks,Black folks are influenced by identity politics
10927,Black folks,Black folks are rebellious
15049,White folks,White folks are discriminated against
10520,Jews,Jews are victorious
7888,Non-white folks,Non-white folks are inferior
20158,Immigrants,Immigrants are unwanted and should be removed
8986,White folks,White folks are not valued
1054,Jews,Jews promote white privilege
3907,Immigrants,Immigrants cause problems
7005,White race,White people are evil
14880,Non-white people,Non-white people are a threat
20539,LGBTQ+ folks,LGBTQ+ folks have AIDS
16476,Italians,Italians are not white
10958,Whites,Whites are targeted for extinction
10921,White people,Non-white people are attacking symbols of white culture and will commit mass murder of whites.
16426,Jews,Jews are deceptive
14471,Womanists,Womanists are not factual
18005,Jews,Jews are enemies
11759,Muslims,Muslims have evil laws
2400,Non-white people,Non-white people are hated
847,Non-white folks,Non-white folks are less competent
13820,Jews,Jews are hateable
16567,Jews,Jews hate white males
16539,white people,white people are being attacked
19396,Black folks,Black folks are incapable of governing themselves
705,Liberals,Liberals are hypocritical
1274,Black folks,Black folks kill each other
17254,White folks,White folks are being destroyed
12706,Non-white people,Non-white people are inferior
18545,Non-white folks,Non-white folks cause the decline of white society
18267,Jews,Jews are hated
10862,Non-white folks,Non-white folks are racist against white people
19554,Muslims,Muslims are uncivilized
16817,Black folks,Black folks make whites uncomfortable
18003,Jews,Jews are against whites
7098,Immigrants,Immigrants are undeserving
19886,Disabled people,Disabled people are inferior
7048,Jews,Jews are hypocritical
16214,Black folks,Black folks do not love America
11694,Non-whites,Non-whites favor their own ethnic groups over the whole.
6567,White people,White people are a result of a genetic mutation
879,Non-white folks,Non-white folks are inferior
20010,Immigrants,Immigrants are transient and need to be prepared to move quickly.
16564,Non-white people,Non-white people are undeserving
15303,Non-white folks,Non-white folks are numerous compared to white folks
15424,Jews,Jews control the media
7550,Muslims,Muslims are subject to bigotry
2455,Non-whites,Non-whites are violent
20306,Immigrants,Immigrants are illegal
10219,Jews,Jews support white nationalism
5111,Non-Aryans,Non-Aryans are inferior
20196,Immigrants,Immigrants commit crimes
3270,Jews,Jews are responsible for white guilt
6463,White people,White people are under attack by anti-white racists.
2836,White people,White people are pathologically altruistic
16633,Alt-right supporters,Alt-right supporters are me
16096,Jews,Jews are a threat
9737,Black folks,Black folks have lower IQ
13741,Non-white folks,Non-white folks are a threat to the establishment
20683,Immigrants,Immigrants commit crimes
6848,White folks,White folks are ignorant
10904,Muslims and Black folks,Muslims and Black folks are racist
20114,Immigrants,Immigrants do not belong here
183,Black folks,Black folks hate white people
13012,People from certain countries,People from certain countries commit heinous acts
20331,Immigrants,Immigrants are parasitic
19789,Immigrants,Immigrants have tuberculosis
7935,Non-white folks,Non-white folks are inferior
16883,Muslims,Muslims disregard the constitution
19623,Black folks,Black folks are incompetent
8694,White people,White people are privileged
10989,Non-white folks,Non-white folks are less valued
6462,Non-white folks,Non-white folks are not enough
5973,Muslims,Muslims kill Jews
5435,Black folks,Black folks are violent and mentally unstable
760,Jews,Jews are changing the racial demographics of America
17674,Muslims,Muslims commit violent acts
20251,Immigrants,Immigrants commit crimes
10966,Jews,Jews are protected by anti-semitism laws
19410,Orthodox Muslims,Orthodox Muslims are bad
4726,Jews,Jews have excessive influence in politics
16087,Asian folks,Asians are mentally superior
19758,Immigrants,Immigrants take advantage of the system
6438,Jews,Jews control the media
12355,white people,white people are doomed
19376,White folks,White folks have lower birth rates
19502,People living in poverty,People living in poverty have no background
3638,Non-white folks,Non-white folks are inferior
19273,Africans,Africans are primitive and diseased
17025,White men,White men are disadvantaged
11433,Black folks,Black folks work in fields
19646,Refugees,Refugees are parasites
4858,Jews,Jews are greedy
15284,White people,White people are being eliminated
15274,Immigrants,Immigrants take jobs
18516,Muslims,Muslims commit sexual assault
6318,Blacks,Blacks are violent and power hungry
19416,Muslims,Muslims are mentally deficient
19774,Immigrants,Immigrants do not belong here
19852,Muslims,Muslims have a twisted afterlife.
580,Non-white folks,Non-white folks are undesirable
17129,Muslims,Muslims teach kids to hate and kill
10240,White people,White people are unfairly blamed
5483,Christians,Christians support molestation
10920,Muslims,Muslims teach violent ideology
18258,White folks,White folks are being targeted for elimination
403,Jews,Jews lie about the Holocaust
20724,Immigrants,Immigrants are uncivilized
2942,Whites,Whites are insensitive to racism
7468,Non-white folks,Non-white folks are anti-white
20690,Immigrants,Immigrants should stay in their own country
3823,Mexicans,Mexicans are opportunistic
14863,Liberals,Liberals are delusional
11910,Non-white people,Non-white people are not included in MAGA
10917,Black folks,Black folks commit high crime rates
15760,Muslims,Muslims commit violent acts
4368,Black folks,Black folks are hypocritical
19262,white people,white people are incapable of menial tasks
14211,LGBT,LGBT are not loved by us
19380,Immigrants,Immigrants are parasites
19701,Black folks,Black folks are dangerous
14709,Immigrants,Immigrants commit crimes
12673,Non-white individuals,Non-white individuals are unattractive to white men
14164,Muslims,Muslims commit hate crimes against Jews
15254,Non-white folks,Non-white folks are inferior
17456,Jews,Jews are responsible for the lack of attention to the abuse of white women
9713,non-white folks,non-white folks make false claims
1763,White people against illegal immigration,White people against illegal immigration are racist
1828,Muslims,Muslims have many wives and children
3591,Muslims,Muslims are violent
462,White people,White people are violent
7734,White people,White people are self-destructive
7120,Non-white individuals,Non-white individuals commit rape and force white women into marriage and kill their own for race mixing
10926,Non-whites,Non-whites take advantage and hate out of envy
20279,Latino/Latina folks,Latino/Latina folks are criminals
19330,Muslims,Muslims are incompatible with Western society
1131,Muslims,Muslims are being politically manipulated
19884,Georgie,Georgie is an exception to every rule
20557,Immigrants,Immigrants are a burden
6425,Black folks,Black folks perform oral sex
20468,Muslims,Muslims enforce extreme punishments
14597,Non-white immigrants,Non-white immigrants are a threat
16955,Black folks,Black folks are incapable
11678,Blacks and Hispanics,Blacks and Hispanics are violent
121,African refugees,African refugees commit sexual assault
19511,Nonwhite people,Nonwhite people are uncivilized
7519,White folks,Anti-racists are anti-white
12394,Southerners,Southerners are inferior
12724,Jews,Jews are behind negative actions
19819,Peshmerga women,Peshmerga women are violent
19130,Immigrants,Immigrants are parasites
164,Black folks,Black folks are oppressive
573,Jews,Jews are not white
908,Muslims,Muslims kill people
1732,Jews,Jews need a champion
6313,White males,White males are not serial killers
12558,Jews,Jews are hypocritical
11888,Black folks,Black folks are impersonated by white people
17897,Non-white people,Non-white people are a threat
12310,Non-European homeless people,Non-European homeless people have inferior genetics
16217,Muslims,Muslims kill unarmed people
6282,Middle Easterners,Middle Easterners fabricate hate crime hoaxes
7102,Immigrants,Immigrants are undesirable
19674,Immigrants,Immigrants are worthless parasites
4178,Muslims,Muslims have many children and are a burden
19148,Muslims,Muslims are low IQ and inbred
639,Muslims,Muslims are unwanted
19750,Indigenous people,Indigenous people are savage
3931,Non-white folks,Non-white folks are inferior
20343,Immigrants,Immigrants should be forcibly removed
5552,Jews,Jews are not worthy of care
9521,Liberals,Liberals are intolerant of opposing views
16821,Jews,Jews exaggerate their suffering
51,Muslims,Muslims impose sharia finance
20093,Homeless people,Homeless people are unhygienic and unattractive
20626,Immigrants,Immigrants are a burden
20208,Immigrants,Immigrants are criminals
14733,White South Africans,White South Africans are victims of racial violence
5806,white people,white people steal
20312,Immigrants,Immigrants are unwanted
1570,Non-white people,Non-white people are threatening
16516,White people,White people commit genocide
19027,Non-white folks,Non-white folks plot genocide against white race
14240,Immigrants,Immigrants are threats
13725,Iranians,Iranians are violent
20682,Immigrants,Immigrants disrespect the USA
12608,Non-white people,Non-white people are a threat
16613,Mexicans,Mexicans are a threat
19469,Protesters,Protesters are violent and unintelligent
15112,Muslims,Muslims are not white
9491,White people,White people are oppressive
7800,Black folks,Black folks are targeted for genocide
14732,White folks,White folks hate themselves
19328,Brown men,Brown men ruin their countries
5282,Black folks,Black folks are inferior with human rights
12350,Liberals,Liberals are cultural marxists
14017,Muslims,Muslims commit murder
18409,Confederate sympathizers,Confederate sympathizers are victims of historical erasure
13039,Non-white immigrants,Non-white immigrants cause conflict
9242,Muslims,Muslims kill people
436,White people,White people are bad
16711,Jews,Jews control politicians
9848,Immigrants,Immigrants are a risk to the country's future
20086,Black folks and Mexican immigrants,Black folks and Mexican immigrants are less desirable
2042,Black folks,Black folks commit violence against each other
20515,Immigrants,Immigrants rely on government assistance
1288,Black folks,Black folks are violent
7887,Muslims,Muslims commit violent acts
20495,Immigrants,Immigrants should be deported
2536,Whites,Whites are collaborators in our demise
18996,Non-white people,Non-white people are undesirable
20261,Immigrants,Immigrants sneak back in
8016,People of color,People of color are not patriotic
9608,Nonwhites,Nonwhites can't be European pagans
9515,Non-white people,Non-white people are not smart
7385,Jews,Jews are hostile
19626,Muslims and Latinos,Muslims and Latinos are feral and are replacing whites
19827,Jews,Jews control the media
3054,White people,They are hated
3398,Immigrants,Immigrants are dependent on welfare
19730,Immigrants,Immigrants have poor English skills and come from incestuous families
11443,White race,White race are vulnerable
20333,Immigrants,Immigrants kill cattle
6596,rural working white men,rural working white men are obsolete
19597,Immigrants,Immigrants are burdens
14787,Muslims,Muslims are potential terrorists
19189,Immigrants,Immigrants are animals
1919,Communists,Communists are traitors
5220,Black folks,Black folks commit crimes
10884,Antifa,Antifa are terrorists
14934,Nonwhite people,Nonwhite people commit murder and rape against white women
12642,Jews,Jews are associated with white supremacy
12323,White folks,White folks are under attack
5890,Non-white people,Non-white people are overly sensitive
3896,Palestinians,Palestinians kill Jews
18591,Non-white people,Non-white people did not contribute to the founding and building of America
5026,Muslims,Muslims are a threat
20714,Immigrants,Immigrants are unwanted
16317,Immigrants,Immigrants kill people
11774,non-whites,non-whites are inferior
4396,Non-white folks,Non-white folks are inferior
14268,Non-white people,Non-white people cause race wars
14089,Jews,Jews are unfit
17990,Jews,Jews exploit the Holocaust for their benefit
3204,Non-white folks,Non-white folks are a threat
2857,white working class communities,white working class communities are undeserving
15698,Mexican immigrants,Mexican immigrants take money from America
11094,Non-white folks,Non-white folks are a threat
375,Muslims,Muslims are invading
5847,Non-white Americans,Non-white Americans are a threat
7165,Non-white people,Non-white people are inferior
7130,Non-white people,Non-white people do not survive
19551,Immigrants,Immigrants are illegal
12069,Non-white people,White nationalists are defining their national identity against non-white people.
10120,Ethnic Norwegians,Ethnic Norwegians are invaders
11541,Jews,Prominent Jews are not ordinary working class or white collar.
9942,white southerners and all white people,white southerners and all white people are bashed by the liberal left
795,Jews,"Jews control the government, media, and banking"
13748,Mexicans,Mexicans are a threat
7580,Non-white people,Non-white people commit murder and rape against white women
20710,Muslims,Muslims are dangerous
15046,Non-white folks,Non-white folks are undesirable for interracial relationships
20255,Immigrants,Immigrants need to be removed
20219,Illegal immigrants,Illegal immigrants take advantage of U.S. taxpayers
8077,Immigrants,Immigrants are a burden
5544,White people,White people are despised
20207,Refugees,Refugees are associated with ISIS
16670,Jews,Jews are not a real ethnic group
20081,"Multiple groups including Italians, White people, Mexicans, Jews, and Black people","Italians, White people, Mexicans, Jews, and Black people are defined by stereotypical labels"
18438,White Americans,White Americans are losing power
18051,Jews,Jews are white supremacists
3372,Black folks,Black folks are a threat to white people
16791,Non-Americans,Non-Americans are inferior
6915,Jews,Jews are weak
13071,non-white immigrants,non-white immigrants commit violence
20458,Immigrants,Immigrants are criminals
1541,Non-white folks,Non-white folks are a threat
13159,Non-Aryans,Non-Aryans are inferior
10430,Non-whites,Non-whites need welfare
20301,Politicians,Politicians are harmful
14435,Non-Aryans,Non-Aryans are not invited
8485,Non-white people,Non-white people commit crimes
19613,Black folks,Black folks are ignored
13587,Immigrants,Immigrants are illegal
3213,Jews,Jews are manipulative
9380,Non-white folks,Non-white folks are insignificant
14719,Non-white people,Non-white people are less capable of achieving significant medical advancements
821,Black folks,Black folks are responsible for failures
19117,Mathematicians,Mathematicians cause trouble and spread ignorance.
11356,Non-white people,Non-white people are inferior
12984,non-whites,non-whites help their own
2808,People receiving food stamps,People receiving food stamps are a burden on taxpayers
1198,White people,White people are persecuted
12810,White Americans,White Americans are disliked
11935,Non-white folks,Non-white cultures are inferior
16464,Immigrants,Immigrants are necessary to support the economy
12057,Jews,Jews have an anti-white agenda
1169,African immigrants,African immigrants are threatening
783,People of color,People of color are targeted by racist Christians on the alt right
17863,Jews,Jews are not white
17827,Immigrants,Immigrants do not deserve what ancestors built
19651,Black folks,Black folks are uneducated
7009,Whites,Whites are being displaced
3631,Non-white people,Non-white people are harmful to Europe
20050,Transgender men,Transgender men are not masculine enough
12896,White people,White people are evil
13914,Alt-right anti-Semites,Alt-right anti-Semites are obsessed with homosexual practices
7995,Immigrants,Immigrants are on welfare
3717,Muslims,Muslims are dangerous
15493,White people,White people are under attack
19451,White people,White people should die out and be replaced
15561,Non-white people,Non-white people are a threat to white people
20716,Immigrants,Immigrants do as they please and burden others financially
5258,Black folks,Black folks are anti-American
1285,Non-white people,Non-white people are causing the decline of the white race
17994,White folks,White folks should not have pride in their race
9337,Non-white people,Non-white people threaten white identity
8576,Jews,Jews are saved by white supremacists
19813,Liberals,Liberals are overly sensitive
9288,Minorities,Minorities are the cause of societal problems
12878,Non-white folks,Non-white folks are inferior
19435,Muslims,Muslims are evil
254,White people,White people are being targeted for genocide
11509,Black men,Black men are sexually attracted to overweight white women
12925,Non-white folks,Non-white folks are inferior
12067,Black folks,Black folks lie
12352,Non-white southerners,Non-white southerners are incapable of fighting for white existence
16443,Black folks,Black folks are dependent
20263,Immigrants,Immigrants should be removed
6012,Black people,Black people are more racist
17834,White folks,White folks are declining
6075,Jews,Jews have undue influence over the government
12130,white people,white people are scared
6386,Trump,Trump is unintelligent
20732,Immigrants,Immigrants should be removed
12343,Non-white folks,Non-white folks are less civilized and prosperous
13459,feminists,feminists hate men and blame the white race for everything wrong
19699,Lower-income individuals,Lower-income individuals are uncivilized and aggressive
13488,Black men and women,Black men and women are less intelligent
7909,White people,White people are evil
19259,Californians,Californians are undesirable
18118,Black folks,Black folks are a threat
8691,Jews,Jews are responsible for white genocide
6211,White people,White people are targeted for harm.
5725,white males,white males' views do not matter
17249,Jews,Jews are controlling and manipulative
1874,Non-white people,Non-white people are inferior
7842,White folks,White folks are self-hating
12534,Black folks,Black folks are a burden
7386,white supremacists / separatists / nationalists,white supremacists / separatists / nationalists are present and active
5164,Non-white people,Non-white people are a threat to the white race
2849,white men,white men are scared
19418,Black folks,Black folks are uneducated and ignorant
20535,Immigrants,Immigrants are unwanted
20896,Liberals,Liberals are unpatriotic and weak
15824,Black South Africans,Black South Africans are a threat
15716,White folks,White folks are made to feel guilty
8487,Non-white immigrants,Non-white immigrants are unwanted
16494,Arabs,Arabs are not considered white
19765,Liberals,Liberals are violent and irrational
9779,Southerners,Southerners cause division
4231,Jews,Jews are orchestrating demographic changes and advocating for harm against whites while suppressing dissent.
12218,Jews,Jews control the media
13168,Christian white nationalists,Christian white nationalists are terrorists
20782,white women,white women are shooters
8696,Jews,Jews are supremacists
20136,Muslims,Muslims are terrorists
20142,Immigrants,Immigrants are criminals
11992,LGBTQ+ folks,LGBTQ+ folks are untrustworthy
6719,Jews,Jews are argumentative
6730,Immigrants,Immigrants are invading
15245,Muslims,Muslims are infiltrating the government
19542,Immigrants from third world countries,Immigrants from third world countries destroy western civilization
7246,Non-white people,Non-white people are displacing whites
12230,Non-white people,Non-white people are not responsible for building America
523,Jews,Jews are manipulative
932,White people,White people are unfairly targeted by hate groups
12861,White folks,White folks are being systematically eliminated.
13793,Non-white folks,Non-white folks are inferior
3584,Muslims,Muslims are dangerous
16029,Non-white people,Non-white people are excluded
4696,Immigrants,Immigrants undermine social cohesion
6126,Jews,Jews are responsible for genocide and mass murder
9143,Black folks,Black folks do not matter
19347,Chinese,Chinese have overpopulation problems
1076,Non-white people,Non-white people are a threat
9983,Non-white folks,Non-white folks are a threat
19272,Black folks,Black folks are untrustworthy
16870,Conservatives,Conservatives are weak
10021,Non-white people,Non-white people are causing the decline of the white race
9861,Jews,Jews benefit from white nationalism
14800,Black folks,Black folks cause societal decline
3678,Non-white people,Non-white people are a threat
12058,Chinese asylum seekers,Chinese asylum seekers are deceptive and a threat
20623,Immigrants,Immigrants are criminals and a financial burden
20657,People with mental health issues,People with mental health issues are unstable
3690,Muslims,Muslims do not vote for BJP
18086,African migrants,African migrants take over property
12815,Non-white folks,Non-white folks are hateful towards white people
8509,Iranians,Iranians are worse than the Islamic State
78,White folks,Anti-racists are anti-white
477,White people,White people are privileged
6093,Jews,Jews are conspirators
2742,White people,White people are incestuous
16623,South African police,South African police commit rape
3447,Jews,Jews push wars
6964,Refugees,Refugees are undeserving
5325,White folks,White folks are denigrated by their own people
10183,Immigrants,Immigrants bring drugs
17257,Muslims,Muslims are dangerous
8896,Non-white folks,Non-white folks are inferior
10581,Mexicans,Mexicans are inferior
14625,Immigrants,Immigrants move into other countries
18632,Mormons,Mormons are white and reproduce quickly
4848,Conservatives,Conservatives are hypocritical
17931,Liberals,Liberals are scumbags
685,White folks,White folks are racist
20210,Immigrants,Immigrants are illegal
16671,Muslims,Muslims are taking over America
3604,White school teachers,White school teachers are overrepresented
19325,Immigrants,Immigrants are not worthy of representation
15746,Non-Europeans,Non-Europeans are a threat to European identity
5131,Muslims,Muslims kill all other months
6574,Jews,Jews are opportunistic and manipulative
11819,Jews,Jews are hostile and contemptuous towards whites
2990,Muslims,Muslims are a threat
6760,Black males,Black males kill cops
12515,Non-white people,Non-white people are uncivilized
8278,White males,White males are being erased
2773,Non-white folks,Non-white folks are a threat
8849,Jews,Jews are hypocrites
17972,Black folks,Black folks are dangerous
16218,Jews,Jews plan genocide
1560,Non-white people,Non-white people are not intelligent
12868,Black folks,Black folks kill each other
5691,Muslims,Non-Muslims are unlovable
13632,Muslims,Muslims kill Christians and Jews
20288,Immigrants,Immigrants are illegal
918,Muslims,Muslims are criminals
10600,Black males,Black males hate women
889,Non-white folks,Non-white folks are not welcome
18175,Black folks,Black folks are separatists
11436,White folks,White folks are worthless
15258,Non-white people,Non-white people are not true nationalists
16439,white liberals,white liberals are immoral
3120,conservatives,conservatives lack integrity
17049,Black folks,Black folks are dangerous
2753,Jews,Jews are different
17106,White people,White people are white supremacists
512,Non-white folks,Non-white folks are not involved in infrastructure
5139,Antifa,Antifa commit vandalism
7584,Non-white folks,Non-white folks threaten the survival of the white race
20801,Immigrants,Immigrants commit crimes
10420,Immigrants,Immigrants are dangerous
1607,Non-Americans or Non-Identitarians,Non-Americans or Non-Identitarians are not easily defensible or understandable.
9395,Non-white people,Non-white people are excluded
19837,Non-white folks,Non-white folks are less capable in math
10289,Non-white people,Non-white people are not associated with Christianity
18029,White folks,White folks are becoming extinct
15688,Non-white people,Non-white people cause decline in race relations
20113,Illegal Immigrants,Illegal Immigrants should be removed
20031,Hispanic folks,Hispanic folks hinder progress
3559,Non-white folks,Non-white folks are being overtaken
8441,Jews,Jews promote racial hatred
19466,Black folks,Black folks are not good at math or science
19922,Latino/Latina folks,Latino/Latina folks are inferior to white people
2243,Jews,Jews are targeted for hate
10962,Black folks,Black folks are disposable
535,Atheists,Atheists are intent upon stealing freedom of religion
5767,Democrats,Democrats are incompetent
18566,Christians,Christians are marginalized
6683,Non-white people,Non-white people are inferior
16752,Muslims,Muslims commit rape
11604,Muslims / Liberals,Muslims / Liberals cause division
16758,Black folks,Black folks are incompetent leaders
9191,Non-white people,Non-white people are causing the decline of the white population
489,Muslims,Muslims celebrate killing Jews
8310,Muslims,Muslims are a threat
469,Non-white folks,Non-white folks are inferior
15376,Muslims,Muslims are deceptive
5021,Non-whites,Non-whites are excluded
2097,Non-white people,Non-white people are a threat to safety
16785,White families,White families are not the cause of America's problems
20286,Immigrants,Immigrants should be deported
2192,Conservatives,Conservatives are weak
4685,White people,White people have interests that are not valuable
3728,White people,White people are unnecessary
15174,LGBTQ+ folks,LGBTQ+ folks are a threat
19498,Immigrants,Immigrants ruin the country
6789,Non-white people,Non-white people are outsiders
19914,Immigrants,Immigrants are dumb
13204,Black folks,Black folks are not genuine
15976,Black folks,Black folks are not worthy of celebration
12318,Refugees,Refugees are unwanted
3781,Muslims,Muslims are terrorists
15996,Jews,Jews are sensitive about the capitalization of their name.
15853,White people,White people are problematic
8801,Non-white folks,Non-white folks are not worthy of support
19667,Immigrants,Immigrants are morally corrupt
19900,Muslims,Muslims are inferior
16229,non-white Americans,non-white Americans are not patriotic
974,Muslims,Muslims are racist
7226,Non-white people,Non-white people are inferior
9978,White people,Diversity erases and replaces white people
2884,Skinheads,Skinheads are racist
11047,Black South Africans,Black South Africans commit racial violence
11601,Muslims,Muslims torture Christians
3387,Muslims,Muslims subjugate and abuse
15294,Black folks,"Black folks have lower IQ, commit more crimes, and have higher rates of fatherless households"
18766,White people,White people are targeted for violence
17433,Non-white folks,Non-white folks are inferior
12460,Muslims,Muslims kill you
19703,Muslims,Muslims are low IQ and destructive
20349,Immigrants,Immigrants are threats
3940,Non-white folks,Non-white folks are inferior
20575,Muslims,Muslims commit violent acts
20665,Muslims,Muslims are dangerous
12077,Black folks,Black folks are hysterical
19678,Immigrants,Immigrants are unwanted
19815,Muslim women,Muslim women are oppressed and enslaved by their religion
10380,Non-white immigrants,Non-white immigrants are invaders
16524,Non-white people,Non-white people are causing the decline of the white population
19685,Black folks,Black folks are ugly and subhuman
9393,Non-white people,Non-white people are inferior
5827,White folks,White folks are targeted by violence
4230,Jews,Jews are white nationalists
20915,Muslims,Muslims are barbarians
20685,Immigrants,Immigrants are a burden
15989,Jews,Jews are associated with negative historical events
925,Interracial couples,Interracial couples are a threat to some beliefs
9599,Black folks,Black folks commit crimes against white folks
1736,Polish people,Polish people are less desirable immigrants
8390,Jews,Jews have an agenda
3465,Non-white folks,Non-white folks cause the extinction of the white race
15033,Black folks,Black folks are dependent on white societies
2208,Immigrants,Immigrants are illegal
17169,Non-white people,Non-white people are undesirable
10297,Antifa,Antifa are gullible
67,White folks,White folks are not smart
2179,Immigrants,Immigrants disrespect laws
9387,white people,white people are apathetic
5300,White folks,White folks are under threat
4143,White people,White people are bigots.
17353,White people,White people are acceptable targets of bigotry
18265,Muslims,Muslims kill Christians
20921,A specific group of people,The group is harmful to society
20759,Immigrants,Immigrants are unwanted
2954,Baby Boomers,Baby Boomers are irrelevant
20109,Immigrants,Immigrants are a burden
2896,LGBTQ+ individuals,LGBTQ+ individuals are associated with white nationalism
14133,Non-white people,Non-white people are oppressing white people
4494,Non-white people,Non-white people do not belong in America
10848,Muslims,Muslims are criticized for their religion
19548,Black folks,Black folks are dangerous predators
10658,Black folks,Black folks disrespect national symbols
19227,Black people,Black people are inferior
1707,Jews,Jews suppress free speech
12893,Minorities,Minorities are deserving of hate
11114,Immigrants,Immigrants are illegal
19726,People with body modifications,People with body modifications have harmful objects in their flesh
12732,White people,White people are unwanted
20376,Residents of Auburn,Residents of Auburn are unsafe or unintelligent
2260,Jews,Nazis are admirable
12584,Non-white population,Non-white population are a threat
18376,Non-white folks,Non-white folks are inferior
3892,White people,Black people kill white people
1477,Democrats,Democrats falsely accuse others of being racist
19207,Immigrants,Immigrants are unwanted
20735,Immigrants,Immigrants are terrorists
11693,Black folks,Black folks corrupt whites
456,Liberals,Liberals are unreasonable
2974,Black folks,Black folks are slaves
2106,Non-white and Non-Christian Americans,Non-white and Non-Christian Americans are not true Americans
16649,Immigrants,Immigrants are illegal
501,Non-Scandinavian and Non-Irish people,Non-Scandinavian and Non-Irish people are not white
19668,Immigrants,Immigrants are illegal
18271,Immigrants,Immigrants are in conflict with white America and want violent activities
11441,White people,White people should die out
13601,Black folks,Black folks need white people to defend them
13049,gay white male atheist feminists,gay white male atheist feminists need safe spaces
5343,White Americans,White Americans are biased
3770,White people,Black supremacists attack whites
4870,Jews,Jews are involved in fraudulent activities
13664,Jews,Jews are a threat to human capital
16276,White people,White people are racist supremacists
20325,Muslims,Muslims are associated with terrorism and should be targeted with fear tactics
11267,Immigrants,Immigrants are illegal
8962,Immigrants,Immigrants are a threat to the German people
20694,Muslims,Muslims infiltrate institutions
11157,Black folks,Black folks are disloyal to their race
8214,Asian folks,Asian folks are drunk
1055,Jews,Jews are a negative or surprising characteristic
8667,White folks,White folks are being targeted for genocide
15331,Non-white Americans,Non-white Americans are not true Americans
11530,White folks,White folks are violent
3776,White folks,White folks should be eliminated
17143,White women,White women are insignificant
638,Non-white people,Non-white people are invading and causing genocide
18676,Jews,Jews control movements
18442,Nonwhites,Nonwhites commit disproportionate hate crimes/murders against whites
20769,Immigrants,Immigrants are unwanted
2770,Non-white people,Non-white people are taking over white homelands
19392,Indians,Indians are uncivilized
19253,Black folks,Black folks are not smart
16967,Jews,Jews control international banking
9572,White people,White people are dying out
20224,Black people,Black people are violent
6447,Non-white people,Non-white people are violent
12587,Black folks,Black folks are not genuine or self-hating
9444,Black folks,Black folks cause problems when given freedom
4088,White supremacists,White supremacists are violent
1196,Jews,Jews celebrate the destruction of the white race
19802,Immigrants,Immigrants are criminals
13668,Non-white folks,Non-white folks are inferior
6551,White people,Black supremacists kill white people
3541,Africans,Africans are not white
10259,White people,White people should be killed
15307,Black folks,Black folks are inferior
4869,Non-white folks,Non-white folks are increasing in number
4354,White folks,White folks are opposed by Antifa
187,Women seeking reproductive healthcare,Women seeking reproductive healthcare are undignified
20063,Specific ethnic group,Specific ethnic group deserve violence
19492,Christians,Christians are low IQ and have low standards
14317,Muslims,Muslims are not condemned for slavery
3633,Non-white folks,Non-white folks are less accomplished
5854,Non-white folks,Non-white folks are inferior
1471,Jews,Jews are destructive
19973,Immigrants,Immigrants are stubborn and noisy
18491,Muslims,Muslims ignore jihad against Europeans
9341,Muslims,Muslims are overly sensitive
14990,Hispanic folks,Hispanic folks are disloyal
16697,Jews,Jews kill babies
20358,Women,Women are traitors
4817,White people,Diversity is a threat to white people
5499,Non-white people,Non-white people are violent conquerors
2758,Non-white folks,Non-white folks do not belong
20457,Immigrants,Immigrants commit serious crimes
18792,Non-white working class,Non-white working class are a threat
12802,Jews,Jews are a threat
5677,Muslims,Muslims are evil
6471,Black folks,Black folks are used as a cover for racism
16411,Non-white people,Non-white people are less desirable
4374,Immigrants,Immigrants take financial benefits
19836,Black folks,Black folks are associated with magic or mysticism
19814,People who disagree with the speaker,People who disagree with the speaker are racist
19143,Whites,Whites are responsible for Africa's underdevelopment
1025,White people,White people are targeted negatively
5652,White men,White men are the problem
20796,Opponents,Opponents are violent
5419,White Americans,White Americans are declining
2079,Jews,Jews are anti-white racists
19960,Muslims,Muslims kill cows
9723,Muslims,Muslims are inferior
9289,Black folks,Black folks are subservient
11566,Muslims,Muslims take over governments
2924,Non-white groups,Non-white groups are anti-white
3337,Jews,Jews are responsible for spreading fear of a second holocaust
19999,Muslims,Muslims should be eliminated
14451,Immigrants,Immigrants commit crimes
11866,Non-whites,Non-whites are invaders
12482,Jews,Jews control media and finance radicals
6604,Black folks,Black folks kill for fun
19457,Muslims,Muslims commit violence
17506,Whites,Whites who support race mixing and lack ethnic pride are superfluous.
11423,Non-white people,Non-white people are causing the decline of white society
19507,Immigrants,Immigrants are barbaric and uncivilized
9346,Hispanic folks,Hispanic folks are taking over national parks
4750,Jews,Jews go too far and admit it
1186,Non-white people,Non-white people are outsiders
11561,Non-white people,Non-white people are a threat to white babies
6570,White and Black people,White and Black people are immigrants
11568,White folks,White folks are superior
19743,Immigrants,Immigrants do not follow the rules
6312,Democrats,Democrats are racist
10814,Non-white people,Non-white people have large numbers of children
14760,Non-white people,Non-white people are inferior
